"regime","formula","n_params","med_ratio","mad_ratio","pct_err","shrink_wt_median","x_scale"
"homo,   lambda=0","unp_gn",11,0.984300172628715,0.0681912419660992,-1.56998273712854,0,1
"homo,   lambda=0","sandwich",11,0.680990758895182,0.162309298021334,-31.9009241104818,0,1
"homo,   lambda=0","pen_gn",11,0.984300172628715,0.0681912419660992,-1.56998273712854,0,1
"homo,   lambda=0","pen_sandwich",11,0.984300172628715,0.0681912419660992,-1.56998273712854,0,1
"hetero, lambda=0","unp_gn",11,0.975088752405005,0.111799160246281,-2.49112475949949,0,1
"hetero, lambda=0","sandwich",11,0.645833550779327,0.10526976784388,-35.4166449220673,0,1
"hetero, lambda=0","pen_gn",11,0.975088752405005,0.111799160246281,-2.49112475949949,0,1
"hetero, lambda=0","pen_sandwich",11,0.975088752405005,0.111799160246281,-2.49112475949949,0,1
"homo,   lambda=0.1","unp_gn",11,1.48546296994244,0.283699627340518,48.546296994244,0.255072250666359,1
"homo,   lambda=0.1","sandwich",11,1.06736436525279,0.290130852833369,6.7364365252786,0.255072250666359,1
"homo,   lambda=0.1","pen_gn",11,1.07879615749193,0.133753602411341,7.87961574919303,0.255072250666359,1
"homo,   lambda=0.1","pen_sandwich",11,0.998582409765498,0.0853564420577015,-0.141759023450172,0.255072250666359,1
"hetero, lambda=0.1","unp_gn",11,1.32666558371709,0.189456796307971,32.6665583717093,0.257710620308097,1
"hetero, lambda=0.1","sandwich",11,1.0423437459035,0.238481934249386,4.23437459034988,0.257710620308097,1
"hetero, lambda=0.1","pen_gn",11,1.05173316879116,0.152980117608817,5.17331687911644,0.257710620308097,1
"hetero, lambda=0.1","pen_sandwich",11,1.01360625285294,0.138173696062184,1.36062528529359,0.257710620308097,1
"hetero, lambda=0.1, prod-shrink","unp_gn",11,9.34927397255323,5.13345049041286,834.927397255323,0.894519601985776,0.2
"hetero, lambda=0.1, prod-shrink","sandwich",11,8.01590328095993,5.51654534598593,701.590328095993,0.894519601985776,0.2
"hetero, lambda=0.1, prod-shrink","pen_gn",11,2.18668823807544,0.619817699537337,118.668823807544,0.894519601985776,0.2
"hetero, lambda=0.1, prod-shrink","pen_sandwich",11,1.03391723171121,0.188166520440654,3.39172317112126,0.894519601985776,0.2
