"local_path","hf_url","sha256","size_bytes","produced_by","pillar","description"
"data/derived/stage1/baci_hs92_v202601_elast_country_hs4_feenstra_sigma.rds","https://huggingface.co/datasets/impex-machina/trade-elasticities/resolve/main/stage1/baci_hs92_v202601_elast_country_hs4_feenstra_sigma.rds","908c8f53f2ea653835a0c1506df44df9e378fba94f8afed1a0f1bae6146e5b7b",36141600,"scripts/run_estimation.R --stage 1",1,"Stage 1 sigma estimates (HLIML primary, Step 2 fallback)"
"data/derived/stage2a/baci_hs92_v202601_elast_regional_hs4_fixed_sigma.rds","https://huggingface.co/datasets/impex-machina/trade-elasticities/resolve/main/stage2a/baci_hs92_v202601_elast_regional_hs4_fixed_sigma.rds","0076a81d7f6f828fed3a51d0299bd675db9bbc24a73b156c0463adeeb58ef9f9",13318647,"scripts/run_estimation.R --stage 2a",1,"Stage 2a regional gamma with fixed sigma"
"data/derived/stage2b/baci_hs92_v202601_elast_country_hs4_fixed_sigma.rds","https://huggingface.co/datasets/impex-machina/trade-elasticities/resolve/main/stage2b/baci_hs92_v202601_elast_country_hs4_fixed_sigma.rds","d098069e0744a2d7ed95bb533fa5d421e29e5a1ddd115817eb8cb842ac5a3af2",231029988,"scripts/run_estimation.R --stage 2b",1,"Stage 2b country-level gamma with shrinkage + SE"
"data/derived/stage2b/baci_hs92_v202601_elast_country_hs4_summary.rds","https://huggingface.co/datasets/impex-machina/trade-elasticities/resolve/main/stage2b/baci_hs92_v202601_elast_country_hs4_summary.rds","90c66ed08ee220f1c9ebda216f2c62b0573e7e0ddf3f06fe90853682a83e3d3d",1681256,"Stage 2b summary aggregation",1,"Country-pair summary table"
"data/derived/stage2b/baci_hs92_v202601_elast_country_hs4_summary.txt","https://huggingface.co/datasets/impex-machina/trade-elasticities/resolve/main/stage2b/baci_hs92_v202601_elast_country_hs4_summary.txt","5752e825403f0e601ccd8cb3e6f812feb324559c695c19678bdf7d1d4c4c9c41",23878,"Stage 2b summary aggregation",1,"Human-readable summary"
"data/derived/validation/liml_validation_tier1a.csv","https://huggingface.co/datasets/impex-machina/trade-elasticities/resolve/main/validation/liml_validation_tier1a.csv","2cfd9b566ad8fcc3b1119d6475875043987741c525d73268eea263a5a56c26be",2330,"validation/capture_liml_validation.R",2,"Tier 1a sigma grid recovery"
"data/derived/validation/liml_validation_tier1b.csv","https://huggingface.co/datasets/impex-machina/trade-elasticities/resolve/main/validation/liml_validation_tier1b.csv","4e6d2e71ed68a8dd0afb2396d53eb53fdf91cdc1bc2b4f066f6305a323d5eb15",546,"validation/capture_liml_validation.R",2,"Tier 1b sample-size convergence"
"data/derived/validation/se_calibration_mc_summary.csv","https://huggingface.co/datasets/impex-machina/trade-elasticities/resolve/main/validation/se_calibration_mc_summary.csv","d0c11186a08f19547a173a9ccae18ff68a7729694befe60f65fd7fc61abef03e",2187,"validation/monte_carlo_se.R",3,"SE calibration MC, 4 regimes x 3 formulas"
"data/derived/validation/se_calibration_mc_per_param.csv","https://huggingface.co/datasets/impex-machina/trade-elasticities/resolve/main/validation/se_calibration_mc_per_param.csv","9b332a4b58227ad92f726e190a799a6039713c737ef791b99b34ac93dba5cc10",6809,"validation/monte_carlo_se.R",3,"Per-parameter calibration details"
"data/derived/validation/bootstrap_se_summary.csv","https://huggingface.co/datasets/impex-machina/trade-elasticities/resolve/main/validation/bootstrap_se_summary.csv","723544aef25c8b4fb683a68e99b6b13d3403a710767b624bd5a893273ca8092a",4836,"validation/bootstrap_se.R",3,"Exporter-cluster bootstrap SE benchmark, ratio-by-stratum summary, branch-tagged (2026-09-24 run on the v0.7.3 Stage-1 table)"
"data/derived/validation/bootstrap_se_cells.csv","https://huggingface.co/datasets/impex-machina/trade-elasticities/resolve/main/validation/bootstrap_se_cells.csv","bfd8ab66e251c033a7b445a4a61f5853f80604d4aad2dedb39ab17fe41436d3d",305901,"validation/bootstrap_se.R",3,"Exporter-cluster bootstrap SE benchmark, per-cell detail with replicate route tags (750 cells, 2026-09-24 run on the v0.7.3 Stage-1 table)"
